FID,COMID,UID,BSN_COUNT,AreaSqKM,RPU,COMID_1,CatAreaSqKm,WsAreaSqKm,CatPctFull,WsPctFull,inStreamCat,PctCarbResidCat,PctNonCarbResidCat,PctAlkIntruVolCat,PctSilicicCat,PctExtruVolCat,PctColluvSedCat,PctGlacTilClayCat,PctGlacTilLoamCat,PctGlacTilCrsCat,PctGlacLakeCrsCat,PctGlacLakeFineCat,PctHydricCat,PctEolCrsCat,PctEolFineCat,PctSalLakeCat,PctAlluvCoastCat,PctCoastCrsCat,PctWaterCat,PctCarbResidWs,PctNonCarbResidWs,PctAlkIntruVolWs,PctSilicicWs,PctExtruVolWs,PctColluvSedWs,PctGlacTilClayWs,PctGlacTilLoamWs,PctGlacTilCrsWs,PctGlacLakeCrsWs,PctGlacLakeFineWs,PctHydricWs,PctEolCrsWs,PctEolFineWs,PctSalLakeWs,PctAlluvCoastWs,PctCoastCrsWs,PctWaterWs
123690,23703719,124699,2258,2.0322,17c,23703719,2.0322,2.0322,100,100,0,0,0,0,0,100,0,0,0,0,0,0,0,0,0,0,0,0,0,0,0,0,0,100,0,0,0,0,0,0,0,0,0,0,0,0,0
123528,23703723,124537,2048,1.8432,17c,23703723,1.8432,1.8432,100,100,0,0,0,0,0,100,0,0,0,0,0,0,0,0,0,0,0,0,0,0,0,0,0,100,0,0,0,0,0,0,0,0,0,0,0,0,0
123691,23703771,124700,5245,4.7205,17c,23703771,4.7205,7.0668,100,100,0,0,0,0,0,91.76358437,0,0,0,8.236415634,0,0,0,0,0,0,0,0,0,0,0,0,0,94.49821701,0,0,0,5.501782985,0,0,0,0,0,0,0,0,0
123683,23703779,124692,617,0.5553,17c,23703779,0.5553,0.5553,100,100,0,0,0,0,0,100,0,0,0,0,0,0,0,0,0,0,0,0,0,0,0,0,0,100,0,0,0,0,0,0,0,0,0,0,0,0,0
123531,23703791,124540,248,0.2232,17c,23703791,0.2232,0.2232,100,100,0,0,0,0,0,100,0,0,0,0,0,0,0,0,0,0,0,0,0,0,0,0,0,100,0,0,0,0,0,0,0,0,0,0,0,0,0
123529,23703795,124538,1967,1.7703,17c,23703795,1.7703,1.7703,100,100,0,0,0,0,0,23.28418912,0,0,0,76.71581088,0,0,0,0,0,0,0,0,0,0,0,0,0,23.28418912,0,0,0,76.71581088,0,0,0,0,0,0,0,0,0
123684,23703803,124693,2922,2.6298,17c,23703803,2.6298,2.6298,100,100,0,0,0,0,0,100,0,0,0,0,0,0,0,0,0,0,0,0,0,0,0,0,0,100,0,0,0,0,0,0,0,0,0,0,0,0,0
123694,23703807,124703,5573,5.0157,17c,23703807,5.0157,18.2898,100,100,0,0,0,0,0,100,0,0,0,0,0,0,0,0,0,0,0,0,0,0,0,0,0,100,0,0,0,0,0,0,0,0,0,0,0,0,0
123687,23703811,124696,362,0.3258,17c,23703811,0.3258,0.3258,100,100,0,0,0,0,0,100,0,0,0,0,0,0,0,0,0,0,0,0,0,0,0,0,0,100,0,0,0,0,0,0,0,0,0,0,0,0,0
123682,23703819,124691,448,0.4032,17c,23703819,0.4032,0.4032,100,100,0,0,0,0,0,100,0,0,0,0,0,0,0,0,0,0,0,0,0,0,0,0,0,100,0,0,0,0,0,0,0,0,0,0,0,0,0
123535,23703823,124544,2208,1.9872,17c,23703823,1.9872,1.9872,100,100,0,0,0,0,0,71.24094203,0,0,0,0,0,28.75905797,0,0,0,0,0,0,0,0,0,0,0,71.24094203,0,0,0,0,0,28.75905797,0,0,0,0,0,0,0
123536,23703831,124545,62,0.0558,17c,23703831,0.0558,0.0558,100,100,0,0,0,0,0,87.09677419,0,0,0,0,0,12.90322581,0,0,0,0,0,0,0,0,0,0,0,87.09677419,0,0,0,0,0,12.90322581,0,0,0,0,0,0,0
123424,23703839,124433,131,0.1179,17c,23703839,0.1179,0.1179,100,100,0,0,0,0,0,100,0,0,0,0,0,0,0,0,0,0,0,0,0,0,0,0,0,100,0,0,0,0,0,0,0,0,0,0,0,0,0
123433,23703875,124442,1010,0.909,17c,23703875,0.909,0.909,100,100,0,0,0,0,0,100,0,0,0,0,0,0,0,0,0,0,0,0,0,0,0,0,0,100,0,0,0,0,0,0,0,0,0,0,0,0,0
123437,23703891,124446,351,0.3159,17c,23703891,0.3159,0.3159,100,100,0,0,0,0,0,97.72079772,0,0,0,2.279202279,0,0,0,0,0,0,0,0,0,0,0,0,0,97.72079772,0,0,0,2.279202279,0,0,0,0,0,0,0,0,0
123438,23703895,124447,1813,1.6317,17c,23703895,1.6317,1.6317,100,100,0,0,0,0,0,72.3110866,0,0,0,27.6889134,0,0,0,0,0,0,0,0,0,0,0,0,0,72.3110866,0,0,0,27.6889134,0,0,0,0,0,0,0,0,0
123439,23703899,124448,3026,2.7234,17c,23703899,2.7234,2.7234,100,100,0,0,0,0,0,100,0,0,0,0,0,0,0,0,0,0,0,0,0,0,0,0,0,100,0,0,0,0,0,0,0,0,0,0,0,0,0
123435,23703923,124444,161,0.1449,17c,23703923,0.1449,0.1449,100,100,0,0,0,0,0,100,0,0,0,0,0,0,0,0,0,0,0,0,0,0,0,0,0,100,0,0,0,0,0,0,0,0,0,0,0,0,0
123436,23703935,124445,2539,2.2851,17c,23703935,2.2851,2.2851,100,100,0,0,0,0,0,100,0,0,0,0,0,0,0,0,0,0,0,0,0,0,0,0,0,100,0,0,0,0,0,0,0,0,0,0,0,0,0
123429,23703979,124438,49820,44.838,17c,23703979,44.838,44.838,100,100,0,0,0,0,0,93.85989562,0,0,0,6.140104376,0,0,0,0,0,0,0,0,0,0,0,0,0,93.85989562,0,0,0,6.140104376,0,0,0,0,0,0,0,0,0
123425,23703991,124434,1046,0.9414,17c,23703991,0.9414,0.9414,100,100,0,0,0,0,0,26.57743786,0,0,0,73.42256214,0,0,0,0,0,0,0,0,0,0,0,0,0,26.57743786,0,0,0,73.42256214,0,0,0,0,0,0,0,0,0
123724,23704003,124733,40,0.036,17c,23704003,0.036,0.036,100,100,0,0,0,0,0,0,0,0,0,100,0,0,0,0,0,0,0,0,0,0,0,0,0,0,0,0,0,100,0,0,0,0,0,0,0,0,0
123723,23704015,124732,492,0.4428,17c,23704015,0.4428,0.4428,100,100,0,0,0,0,0,100,0,0,0,0,0,0,0,0,0,0,0,0,0,0,0,0,0,100,0,0,0,0,0,0,0,0,0,0,0,0,0
123421,23704027,124430,148,0.1332,17c,23704027,0.1332,0.1332,100,100,0,0,0,0,0,0,0,0,0,100,0,0,0,0,0,0,0,0,0,0,0,0,0,0,0,0,0,100,0,0,0,0,0,0,0,0,0
123422,23704031,124431,97,0.0873,17c,23704031,0.0873,0.0873,100,100,0,0,0,0,0,0,0,0,0,100,0,0,0,0,0,0,0,0,0,0,0,0,0,0,0,0,0,100,0,0,0,0,0,0,0,0,0
123721,23704035,124730,95,0.0855,17c,23704035,0.0855,0.0855,100,100,0,0,0,0,0,100,0,0,0,0,0,0,0,0,0,0,0,0,0,0,0,0,0,100,0,0,0,0,0,0,0,0,0,0,0,0,0
123719,23704039,124728,1128,1.0152,17c,23704039,1.0152,1.0152,100,100,0,0,0,0,0,62.58865248,0,0,0,37.41134752,0,0,0,0,0,0,0,0,0,0,0,0,0,62.58865248,0,0,0,37.41134752,0,0,0,0,0,0,0,0,0
123718,23704051,124727,945,0.8505,17c,23704051,0.8505,0.8505,100,100,0,0,0,0,0,94.81481481,0,0,0,5.185185185,0,0,0,0,0,0,0,0,0,0,0,0,0,94.81481481,0,0,0,5.185185185,0,0,0,0,0,0,0,0,0
123717,23704055,124726,666,0.5994,17c,23704055,0.5994,0.5994,100,100,0,0,0,0,0,73.42342342,0,0,0,26.57657658,0,0,0,0,0,0,0,0,0,0,0,0,0,73.42342342,0,0,0,26.57657658,0,0,0,0,0,0,0,0,0
123714,23704071,124723,102,0.0918,17c,23704071,0.0918,0.0918,100,100,0,0,0,0,0,100,0,0,0,0,0,0,0,0,0,0,0,0,0,0,0,0,0,100,0,0,0,0,0,0,0,0,0,0,0,0,0
123711,23704087,124720,1007,0.9063,17c,23704087,0.9063,0.9063,100,100,0,0,0,0,0,100,0,0,0,0,0,0,0,0,0,0,0,0,0,0,0,0,0,100,0,0,0,0,0,0,0,0,0,0,0,0,0
123708,23704099,124717,2632,2.3688,17c,23704099,2.3688,2.3688,100,100,0,0,0,0,0,100,0,0,0,0,0,0,0,0,0,0,0,0,0,0,0,0,0,100,0,0,0,0,0,0,0,0,0,0,0,0,0
123706,23704103,124715,601,0.5409,17c,23704103,0.5409,0.5409,100,100,0,0,0,0,0,100,0,0,0,0,0,0,0,0,0,0,0,0,0,0,0,0,0,100,0,0,0,0,0,0,0,0,0,0,0,0,0
123705,23704111,124714,107,0.0963,17c,23704111,0.0963,0.0963,100,100,0,0,0,0,0,100,0,0,0,0,0,0,0,0,0,0,0,0,0,0,0,0,0,100,0,0,0,0,0,0,0,0,0,0,0,0,0
123427,23704127,124436,2559,2.3031,17c,23704127,2.3031,2.3031,100,100,0,0,0,0,0,95.66236811,0,0,0,0,0,0,0,0,0,0,0,0,4.337631887,0,0,0,0,95.66236811,0,0,0,0,0,0,0,0,0,0,0,0,4.337631887
123426,23704135,124435,331,0.2979,17c,23704135,0.2979,0.2979,100,100,0,0,0,0,0,100,0,0,0,0,0,0,0,0,0,0,0,0,0,0,0,0,0,100,0,0,0,0,0,0,0,0,0,0,0,0,0
123432,23704147,124441,1351,1.2159,17c,23704147,1.2159,1.2159,100,100,0,0,0,0,0,100,0,0,0,0,0,0,0,0,0,0,0,0,0,0,0,0,0,100,0,0,0,0,0,0,0,0,0,0,0,0,0
123813,23704155,124822,272,0.2448,17c,23704155,0.2448,0.2448,100,100,0,0,0,0,0,100,0,0,0,0,0,0,0,0,0,0,0,0,0,0,0,0,0,100,0,0,0,0,0,0,0,0,0,0,0,0,0
123430,23704163,124439,982,0.8838,17c,23704163,0.8838,0.8838,100,100,0,0,0,0,0,100,0,0,0,0,0,0,0,0,0,0,0,0,0,0,0,0,0,100,0,0,0,0,0,0,0,0,0,0,0,0,0
123814,23704177,124823,597,0.5373,17c,23704177,0.5373,0.5373,100,100,0,0,0,0,0,100,0,0,0,0,0,0,0,0,0,0,0,0,0,0,0,0,0,100,0,0,0,0,0,0,0,0,0,0,0,0,0
123811,23704183,124820,320,0.288,17c,23704183,0.288,2.9754,100,100,0,0,0,0,0,100,0,0,0,0,0,0,0,0,0,0,0,0,0,0,0,0,0,100,0,0,0,0,0,0,0,0,0,0,0,0,0
123812,23704187,124821,966,0.8694,17c,23704187,0.8694,3.8448,100,100,0,0,0,0,0,100,0,0,0,0,0,0,0,0,0,0,0,0,0,0,0,0,0,100,0,0,0,0,0,0,0,0,0,0,0,0,0
123771,23704203,124780,385,0.3465,17c,23704203,0.3465,0.3465,100,100,0,0,0,0,0,100,0,0,0,0,0,0,0,0,0,0,0,0,0,0,0,0,0,100,0,0,0,0,0,0,0,0,0,0,0,0,0
123792,23704207,124801,1327,1.1943,17c,23704207,1.1943,1.1943,100,100,0,0,0,0,0,94.42351168,0,0,0,5.57648832,0,0,0,0,0,0,0,0,0,0,0,0,0,94.42351168,0,0,0,5.57648832,0,0,0,0,0,0,0,0,0
123447,23707624,124456,17377,15.6393,17c,23707624,15.6393,15.921,100,100,0,0,0,100,0,0,0,0,0,0,0,0,0,0,0,0,0,0,0,0,0,100,0,0,0,0,0,0,0,0,0,0,0,0,0,0,0
123446,23707628,124455,313,0.2817,17c,23707628,0.2817,0.2817,100,100,0,0,0,100,0,0,0,0,0,0,0,0,0,0,0,0,0,0,0,0,0,100,0,0,0,0,0,0,0,0,0,0,0,0,0,0,0
123798,23707636,124807,1730,1.557,17c,23707636,1.557,1.557,100,100,0,0,0,0,0,63.69942197,0,0,0,36.30057803,0,0,0,0,0,0,0,0,0,0,0,0,0,63.69942197,0,0,0,36.30057803,0,0,0,0,0,0,0,0,0
123785,23707640,124794,3981,3.5829,17c,23707640,3.5829,3.5829,100,100,0,0,0,0,0,45.61667923,0,0,0,54.38332077,0,0,0,0,0,0,0,0,0,0,0,0,0,45.61667923,0,0,0,54.38332077,0,0,0,0,0,0,0,0,0
123804,23707644,124813,3900,3.51,17c,23707644,3.51,4.1067,100,100,0,0,0,0,0,41.48717949,0,0,0,58.51282051,0,0,0,0,0,0,0,0,0,0,0,0,0,38.48345387,0,0,0,61.51654613,0,0,0,0,0,0,0,0,0
123793,23707648,124802,663,0.5967,17c,23707648,0.5967,0.5967,100,100,0,0,0,0,0,20.81447964,0,0,0,79.18552036,0,0,0,0,0,0,0,0,0,0,0,0,0,20.81447964,0,0,0,79.18552036,0,0,0,0,0,0,0,0,0
123777,23707668,124786,825,0.7425,17c,23707668,0.7425,0.7425,100,100,0,0,0,0,0,100,0,0,0,0,0,0,0,0,0,0,0,0,0,0,0,0,0,100,0,0,0,0,0,0,0,0,0,0,0,0,0
123763,23707676,124772,73,0.0657,17c,23707676,0.0657,0.0657,100,100,0,0,0,0,0,100,0,0,0,0,0,0,0,0,0,0,0,0,0,0,0,0,0,100,0,0,0,0,0,0,0,0,0,0,0,0,0
123801,23707684,124810,51,0.0459,17c,23707684,0.0459,0.0459,100,100,0,0,0,0,0,0,0,0,0,100,0,0,0,0,0,0,0,0,0,0,0,0,0,0,0,0,0,100,0,0,0,0,0,0,0,0,0
123807,23707688,124816,117,0.1053,17c,23707688,0.1053,0.1053,100,100,0,0,0,94.87179487,0,0,0,0,0,5.128205128,0,0,0,0,0,0,0,0,0,0,0,94.87179487,0,0,0,0,0,5.128205128,0,0,0,0,0,0,0,0,0
123778,23707692,124787,512,0.4608,17c,23707692,0.4608,0.4608,100,100,0,0,0,0,0,100,0,0,0,0,0,0,0,0,0,0,0,0,0,0,0,0,0,100,0,0,0,0,0,0,0,0,0,0,0,0,0
123800,23707696,124809,1370,1.233,17c,23707696,1.233,1.233,100,100,0,0,0,29.34306569,0,70.65693431,0,0,0,0,0,0,0,0,0,0,0,0,0,0,0,29.34306569,0,70.65693431,0,0,0,0,0,0,0,0,0,0,0,0,0
123784,23707700,124793,195,0.1755,17c,23707700,0.1755,0.1755,100,100,0,0,0,0,0,100,0,0,0,0,0,0,0,0,0,0,0,0,0,0,0,0,0,100,0,0,0,0,0,0,0,0,0,0,0,0,0
123802,23707704,124811,438,0.3942,17c,23707704,0.3942,0.3942,100,100,0,0,0,100,0,0,0,0,0,0,0,0,0,0,0,0,0,0,0,0,0,100,0,0,0,0,0,0,0,0,0,0,0,0,0,0,0
123782,23707708,124791,588,0.5292,17c,23707708,0.5292,2.5488,100,100,0,0,0,0,0,100,0,0,0,0,0,0,0,0,0,0,0,0,0,0,0,0,0,100,0,0,0,0,0,0,0,0,0,0,0,0,0
123806,23707712,124815,2619,2.3571,17c,23707712,2.3571,2.7513,100,100,0,0,0,35.12791142,0,64.87208858,0,0,0,0,0,0,0,0,0,0,0,0,0,0,0,44.42263657,0,55.57736343,0,0,0,0,0,0,0,0,0,0,0,0,0
123808,23707716,124817,128,0.1152,17c,23707716,0.1152,1.4256,100,100,0,0,0,100,0,0,0,0,0,0,0,0,0,0,0,0,0,0,0,0,0,65.97222222,0,34.02777778,0,0,0,0,0,0,0,0,0,0,0,0,0
123789,23707720,124798,1024,0.9216,17c,23707720,0.9216,0.9216,100,100,0,0,0,0,0,100,0,0,0,0,0,0,0,0,0,0,0,0,0,0,0,0,0,100,0,0,0,0,0,0,0,0,0,0,0,0,0
123791,23707724,124800,325,0.2925,17c,23707724,0.2925,0.2925,100,100,0,0,0,0,0,100,0,0,0,0,0,0,0,0,0,0,0,0,0,0,0,0,0,100,0,0,0,0,0,0,0,0,0,0,0,0,0
123809,23707728,124818,1456,1.3104,17c,23707728,1.3104,1.3104,100,100,0,0,0,62.98076923,0,37.01923077,0,0,0,0,0,0,0,0,0,0,0,0,0,0,0,62.98076923,0,37.01923077,0,0,0,0,0,0,0,0,0,0,0,0,0
123805,23707742,124814,4023,3.6207,17c,23707742,3.6207,3.7611,100,100,0,0,0,22.79393487,0,77.20606513,0,0,0,0,0,0,0,0,0,0,0,0,0,0,0,24.79061977,0,75.20938023,0,0,0,0,0,0,0,0,0,0,0,0,0
123803,23707746,124812,156,0.1404,17c,23707746,0.1404,0.1404,100,100,0,0,0,76.28205128,0,23.71794872,0,0,0,0,0,0,0,0,0,0,0,0,0,0,0,76.28205128,0,23.71794872,0,0,0,0,0,0,0,0,0,0,0,0,0
123794,23707750,124803,49,0.0441,17c,23707750,0.0441,0.0441,100,100,0,0,0,100,0,0,0,0,0,0,0,0,0,0,0,0,0,0,0,0,0,100,0,0,0,0,0,0,0,0,0,0,0,0,0,0,0
123539,23727307,124548,3714,3.3426,17c,23727307,3.3426,3.3426,100,100,0,0,0,0,0,100,0,0,0,0,0,0,0,0,0,0,0,0,0,0,0,0,0,100,0,0,0,0,0,0,0,0,0,0,0,0,0
123537,23727315,124546,583,0.5247,17c,23727315,0.5247,0.5247,100,100,0,0,0,0,0,100,0,0,0,0,0,0,0,0,0,0,0,0,0,0,0,0,0,100,0,0,0,0,0,0,0,0,0,0,0,0,0
123538,23727321,124547,297,0.2673,17c,23727321,0.2673,0.2673,100,100,0,0,0,0,0,99.32659933,0,0,0,0.673400673,0,0,0,0,0,0,0,0,0,0,0,0,0,99.32659933,0,0,0,0.673400673,0,0,0,0,0,0,0,0,0
123534,23727325,124543,393,0.3537,17c,23727325,0.3537,0.3537,100,100,0,0,0,0,0,100,0,0,0,0,0,0,0,0,0,0,0,0,0,0,0,0,0,100,0,0,0,0,0,0,0,0,0,0,0,0,0
123533,23727357,124542,2312,2.0808,17c,23727357,2.0808,2.0808,100,100,0,0,0,0,0,100,0,0,0,0,0,0,0,0,0,0,0,0,0,0,0,0,0,100,0,0,0,0,0,0,0,0,0,0,0,0,0
123685,23727525,124694,346,0.3114,17c,23727525,0.3114,0.3114,100,100,0,0,0,0,0,100,0,0,0,0,0,0,0,0,0,0,0,0,0,0,0,0,0,100,0,0,0,0,0,0,0,0,0,0,0,0,0
123686,23727547,124695,417,0.3753,17c,23727547,0.3753,0.3753,100,100,0,0,0,0,0,75.05995204,0,0,0,24.94004796,0,0,0,0,0,0,0,0,0,0,0,0,0,75.05995204,0,0,0,24.94004796,0,0,0,0,0,0,0,0,0
123504,23748580,124513,266,0.2394,17c,23748580,0.2394,1.6947,100,100,0,0,0,0,38.72180451,61.27819549,0,0,0,0,0,0,0,0,0,0,0,0,0,0,0,0,75.99575146,24.00424854,0,0,0,0,0,0,0,0,0,0,0,0,0
123517,23748596,124526,145,0.1305,17c,23748596,0.1305,0.1305,100,100,0,0,0,0,0,100,0,0,0,0,0,0,0,0,0,0,0,0,0,0,0,0,0,100,0,0,0,0,0,0,0,0,0,0,0,0,0
123520,23748600,124529,122,0.1098,17c,23748600,0.1098,0.1098,100,100,0,0,0,0,0,100,0,0,0,0,0,0,0,0,0,0,0,0,0,0,0,0,0,100,0,0,0,0,0,0,0,0,0,0,0,0,0
123510,23748608,124519,78,0.0702,17c,23748608,0.0702,0.0702,100,100,0,0,0,0,0,100,0,0,0,0,0,0,0,0,0,0,0,0,0,0,0,0,0,100,0,0,0,0,0,0,0,0,0,0,0,0,0
123515,23748612,124524,185,0.1665,17c,23748612,0.1665,0.1665,100,100,0,0,0,0,0,100,0,0,0,0,0,0,0,0,0,0,0,0,0,0,0,0,0,100,0,0,0,0,0,0,0,0,0,0,0,0,0
123516,23748616,124525,136,0.1224,17c,23748616,0.1224,0.1224,100,100,0,0,0,0,20.58823529,79.41176471,0,0,0,0,0,0,0,0,0,0,0,0,0,0,0,0,20.58823529,79.41176471,0,0,0,0,0,0,0,0,0,0,0,0,0
119755,23748634,120762,264,0.2376,17b,23748634,0.2376,0.2376,100,100,0,0,0,0,100,0,0,0,0,0,0,0,0,0,0,0,0,0,0,0,0,0,100,0,0,0,0,0,0,0,0,0,0,0,0,0,0
123496,23748638,124505,1351,1.2159,17c,23748638,1.2159,1.2159,100,100,0,0,0,0,80.60695781,19.39304219,0,0,0,0,0,0,0,0,0,0,0,0,0,0,0,0,80.60695781,19.39304219,0,0,0,0,0,0,0,0,0,0,0,0,0
123226,23748650,124234,400,0.36,17c,23748650,0.36,0.36,100,100,0,0,0,0,100,0,0,0,0,0,0,0,0,0,0,0,0,0,0,0,0,0,100,0,0,0,0,0,0,0,0,0,0,0,0,0,0
123222,23748654,124230,1102,0.9918,17c,23748654,0.9918,0.9918,100,100,0,0,0,0,100,0,0,0,0,0,0,0,0,0,0,0,0,0,0,0,0,0,100,0,0,0,0,0,0,0,0,0,0,0,0,0,0
123209,23748658,124217,375,0.3375,17c,23748658,0.3375,0.3375,100,100,0,0,0,0,100,0,0,0,0,0,0,0,0,0,0,0,0,0,0,0,0,0,100,0,0,0,0,0,0,0,0,0,0,0,0,0,0
123219,23748666,124227,653,0.5877,17c,23748666,0.5877,0.5877,100,100,0,0,0,0,100,0,0,0,0,0,0,0,0,0,0,0,0,0,0,0,0,0,100,0,0,0,0,0,0,0,0,0,0,0,0,0,0
123224,23748694,124232,52,0.0468,17c,23748694,0.0468,0.0468,100,100,0,0,0,0,100,0,0,0,0,0,0,0,0,0,0,0,0,0,0,0,0,0,100,0,0,0,0,0,0,0,0,0,0,0,0,0,0
123220,23748716,124228,539,0.4851,17c,23748716,0.4851,0.4851,100,100,0,0,0,0,14.28571429,85.71428571,0,0,0,0,0,0,0,0,0,0,0,0,0,0,0,0,14.28571429,85.71428571,0,0,0,0,0,0,0,0,0,0,0,0,0
123208,23748744,124216,1127,1.0143,17c,23748744,1.0143,1.0143,100,100,0,0,0,0,100,0,0,0,0,0,0,0,0,0,0,0,0,0,0,0,0,0,100,0,0,0,0,0,0,0,0,0,0,0,0,0,0
123214,23748758,124222,450,0.405,17c,23748758,0.405,0.405,100,100,0,0,0,0,100,0,0,0,0,0,0,0,0,0,0,0,0,0,0,0,0,0,100,0,0,0,0,0,0,0,0,0,0,0,0,0,0
123216,23748774,124224,1080,0.972,17c,23748774,0.972,0.972,100,100,0,0,0,0,0,100,0,0,0,0,0,0,0,0,0,0,0,0,0,0,0,0,0,100,0,0,0,0,0,0,0,0,0,0,0,0,0
123217,23748786,124225,828,0.7452,17c,23748786,0.7452,0.7452,100,100,0,0,0,0,0,100,0,0,0,0,0,0,0,0,0,0,0,0,0,0,0,0,0,100,0,0,0,0,0,0,0,0,0,0,0,0,0
123215,23748790,124223,1012,0.9108,17c,23748790,0.9108,0.9108,100,100,0,0,0,0,100,0,0,0,0,0,0,0,0,0,0,0,0,0,0,0,0,0,100,0,0,0,0,0,0,0,0,0,0,0,0,0,0
123223,23748798,124231,848,0.7632,17c,23748798,0.7632,0.7632,100,100,0,0,0,0,0,100,0,0,0,0,0,0,0,0,0,0,0,0,0,0,0,0,0,100,0,0,0,0,0,0,0,0,0,0,0,0,0
123715,23756186,124724,466,0.4194,17c,23756186,0.4194,0.4194,100,100,0,0,0,0,0,0,0,0,0,100,0,0,0,0,0,0,0,0,0,0,0,0,0,0,0,0,0,100,0,0,0,0,0,0,0,0,0
123712,23756214,124721,116,0.1044,17c,23756214,0.1044,0.1044,100,100,0,0,0,0,89.65517241,10.34482759,0,0,0,0,0,0,0,0,0,0,0,0,0,0,0,0,89.65517241,10.34482759,0,0,0,0,0,0,0,0,0,0,0,0,0
123710,23756222,124719,599,0.5391,17c,23756222,0.5391,0.5391,100,100,0,0,0,0,100,0,0,0,0,0,0,0,0,0,0,0,0,0,0,0,0,0,100,0,0,0,0,0,0,0,0,0,0,0,0,0,0
123709,23756226,124718,167,0.1503,17c,23756226,0.1503,0.1503,100,100,0,0,0,0,0,100,0,0,0,0,0,0,0,0,0,0,0,0,0,0,0,0,0,100,0,0,0,0,0,0,0,0,0,0,0,0,0
123755,23756236,124764,462,0.4158,17c,23756236,0.4158,0.4158,100,100,0,0,0,0,100,0,0,0,0,0,0,0,0,0,0,0,0,0,0,0,0,0,100,0,0,0,0,0,0,0,0,0,0,0,0,0,0
123750,23756240,124759,841,0.7569,17c,23756240,0.7569,0.7569,100,100,0,0,0,0,0,100,0,0,0,0,0,0,0,0,0,0,0,0,0,0,0,0,0,100,0,0,0,0,0,0,0,0,0,0,0,0,0
123703,23756244,124712,1210,1.089,17c,23756244,1.089,1.089,100,100,0,0,0,0,94.95867769,5.041322314,0,0,0,0,0,0,0,0,0,0,0,0,0,0,0,0,94.95867769,5.041322314,0,0,0,0,0,0,0,0,0,0,0,0,0
123704,23756248,124713,366,0.3294,17c,23756248,0.3294,0.3294,100,100,0,0,0,0,0,100,0,0,0,0,0,0,0,0,0,0,0,0,0,0,0,0,0,100,0,0,0,0,0,0,0,0,0,0,0,0,0
123702,23756252,124711,8546,7.6914,17c,23756252,7.6914,9.0279,100,100,0,0,0,0,0,100,0,0,0,0,0,0,0,0,0,0,0,0,0,0,0,0,0,100,0,0,0,0,0,0,0,0,0,0,0,0,0
123701,23756256,124710,1190,1.071,17c,23756256,1.071,10.0989,100,100,0,0,0,0,0,100,0,0,0,0,0,0,0,0,0,0,0,0,0,0,0,0,0,100,0,0,0,0,0,0,0,0,0,0,0,0,0
123700,23756266,124709,952,0.8568,17c,23756266,0.8568,0.8568,100,100,0,0,0,0,0,100,0,0,0,0,0,0,0,0,0,0,0,0,0,0,0,0,0,100,0,0,0,0,0,0,0,0,0,0,0,0,0
123751,23756270,124760,1119,1.0071,17c,23756270,1.0071,1.0071,100,100,0,0,0,0,0,100,0,0,0,0,0,0,0,0,0,0,0,0,0,0,0,0,0,100,0,0,0,0,0,0,0,0,0,0,0,0,0
123699,23756278,124708,568,0.5112,17c,23756278,0.5112,1.6803,100,100,0,0,0,0,0,100,0,0,0,0,0,0,0,0,0,0,0,0,0,0,0,0,0,100,0,0,0,0,0,0,0,0,0,0,0,0,0
123752,23756282,124761,1082,0.9738,17c,23756282,0.9738,1.1691,100,100,0,0,0,0,0,100,0,0,0,0,0,0,0,0,0,0,0,0,0,0,0,0,0,100,0,0,0,0,0,0,0,0,0,0,0,0,0
123697,23756286,124706,1940,1.746,17c,23756286,1.746,1.746,100,100,0,0,0,0,0,100,0,0,0,0,0,0,0,0,0,0,0,0,0,0,0,0,0,100,0,0,0,0,0,0,0,0,0,0,0,0,0
123696,23756294,124705,217,0.1953,17c,23756294,0.1953,0.1953,100,100,0,0,0,0,0,100,0,0,0,0,0,0,0,0,0,0,0,0,0,0,0,0,0,100,0,0,0,0,0,0,0,0,0,0,0,0,0
123757,23756302,124766,87,0.0783,17c,23756302,0.0783,0.0783,100,100,0,0,0,0,0,67.81609195,0,0,0,0,0,0,0,0,0,0,0,0,32.18390805,0,0,0,0,67.81609195,0,0,0,0,0,0,0,0,0,0,0,0,32.18390805
123756,23756320,124765,902,0.8118,17c,23756320,0.8118,0.8118,100,100,0,0,0,0,0,100,0,0,0,0,0,0,0,0,0,0,0,0,0,0,0,0,0,100,0,0,0,0,0,0,0,0,0,0,0,0,0
123765,23756342,124774,1216,1.0944,17c,23756342,1.0944,1.0944,100,100,0,0,0,0,0,100,0,0,0,0,0,0,0,0,0,0,0,0,0,0,0,0,0,100,0,0,0,0,0,0,0,0,0,0,0,0,0
123786,23756348,124795,293,0.2637,17c,23756348,0.2637,0.2637,100,100,0,0,0,0,0,100,0,0,0,0,0,0,0,0,0,0,0,0,0,0,0,0,0,100,0,0,0,0,0,0,0,0,0,0,0,0,0
123772,23756356,124781,768,0.6912,17c,23756356,0.6912,0.6912,100,100,0,0,0,0,0,100,0,0,0,0,0,0,0,0,0,0,0,0,0,0,0,0,0,100,0,0,0,0,0,0,0,0,0,0,0,0,0
123795,23756368,124804,581,0.5229,17c,23756368,0.5229,0.5229,100,100,0,0,0,0,0,100,0,0,0,0,0,0,0,0,0,0,0,0,0,0,0,0,0,100,0,0,0,0,0,0,0,0,0,0,0,0,0
123799,23756380,124808,380,0.342,17c,23756380,0.342,0.342,100,100,0,0,0,0,0,100,0,0,0,0,0,0,0,0,0,0,0,0,0,0,0,0,0,100,0,0,0,0,0,0,0,0,0,0,0,0,0
123796,23756384,124805,78,0.0702,17c,23756384,0.0702,0.0702,100,100,0,0,0,0,0,100,0,0,0,0,0,0,0,0,0,0,0,0,0,0,0,0,0,100,0,0,0,0,0,0,0,0,0,0,0,0,0
123797,23756392,124806,2731,2.4579,17c,23756392,2.4579,2.4579,100,100,0,0,0,0,0,100,0,0,0,0,0,0,0,0,0,0,0,0,0,0,0,0,0,100,0,0,0,0,0,0,0,0,0,0,0,0,0
123775,23756400,124784,578,0.5202,17c,23756400,0.5202,0.5202,100,100,0,0,0,0,0,100,0,0,0,0,0,0,0,0,0,0,0,0,0,0,0,0,0,100,0,0,0,0,0,0,0,0,0,0,0,0,0
123781,23756404,124790,808,0.7272,17c,23756404,0.7272,0.7272,100,100,0,0,0,0,0,100,0,0,0,0,0,0,0,0,0,0,0,0,0,0,0,0,0,100,0,0,0,0,0,0,0,0,0,0,0,0,0
123774,23756408,124783,88,0.0792,17c,23756408,0.0792,0.5994,100,100,0,0,0,0,0,100,0,0,0,0,0,0,0,0,0,0,0,0,0,0,0,0,0,100,0,0,0,0,0,0,0,0,0,0,0,0,0
123787,23756412,124796,998,0.8982,17c,23756412,0.8982,1.6254,100,100,0,0,0,0,0,99.8997996,0,0,0,0.100200401,0,0,0,0,0,0,0,0,0,0,0,0,0,99.94462901,0,0,0,0.055370986,0,0,0,0,0,0,0,0,0
123762,23756418,124771,1869,1.6821,17c,23756418,1.6821,1.6821,100,100,0,0,0,0,0,100,0,0,0,0,0,0,0,0,0,0,0,0,0,0,0,0,0,100,0,0,0,0,0,0,0,0,0,0,0,0,0
123820,23756426,124829,29,0.0261,17c,23756426,0.0261,0.0261,100,100,0,0,100,0,0,0,0,0,0,0,0,0,0,0,0,0,0,0,0,0,100,0,0,0,0,0,0,0,0,0,0,0,0,0,0,0,0
123788,23756430,124797,281,0.2529,17c,23756430,0.2529,1.8648,100,100,0,0,0,0,0,0,0,0,0,100,0,0,0,0,0,0,0,0,0,0,0,0,0,8.204633205,0,0,0,91.7953668,0,0,0,0,0,0,0,0,0
123790,23756434,124799,1791,1.6119,17c,23756434,1.6119,1.6119,100,100,0,0,0,0,0,9.491903964,0,0,0,90.50809604,0,0,0,0,0,0,0,0,0,0,0,0,0,9.491903964,0,0,0,90.50809604,0,0,0,0,0,0,0,0,0
123825,23756438,124834,337,0.3033,17c,23756438,0.3033,0.3033,100,100,0,0,0,0,0,100,0,0,0,0,0,0,0,0,0,0,0,0,0,0,0,0,0,100,0,0,0,0,0,0,0,0,0,0,0,0,0
123769,23756442,124778,548,0.4932,17c,23756442,0.4932,0.4932,100,100,0,0,0,0,0,100,0,0,0,0,0,0,0,0,0,0,0,0,0,0,0,0,0,100,0,0,0,0,0,0,0,0,0,0,0,0,0
123823,23756462,124832,851,0.7659,17c,23756462,0.7659,0.7659,100,100,0,0,0,0,0,43.12573443,0,0,0,56.87426557,0,0,0,0,0,0,0,0,0,0,0,0,0,43.12573443,0,0,0,56.87426557,0,0,0,0,0,0,0,0,0
123824,23756474,124833,98,0.0882,17c,23756474,0.0882,0.0882,100,100,0,0,0,0,0,0,0,0,0,100,0,0,0,0,0,0,0,0,0,0,0,0,0,0,0,0,0,100,0,0,0,0,0,0,0,0,0
123821,23756498,124830,783,0.7047,17c,23756498,0.7047,0.7047,100,100,0,0,0,0,100,0,0,0,0,0,0,0,0,0,0,0,0,0,0,0,0,0,100,0,0,0,0,0,0,0,0,0,0,0,0,0,0
123773,23756506,124782,646,0.5814,17c,23756506,0.5814,0.5814,100,100,0,0,0,0,0,100,0,0,0,0,0,0,0,0,0,0,0,0,0,0,0,0,0,100,0,0,0,0,0,0,0,0,0,0,0,0,0
123819,23756510,124828,27,0.0243,17c,23756510,0.0243,0.2592,100,100,0,0,0,0,100,0,0,0,0,0,0,0,0,0,0,0,0,0,0,0,0,0,100,0,0,0,0,0,0,0,0,0,0,0,0,0,0
123664,23777271,124673,455,0.4095,17c,23777271,0.4095,0.4095,100,100,0,0,0,0,0,100,0,0,0,0,0,0,0,0,0,0,0,0,0,0,0,0,0,100,0,0,0,0,0,0,0,0,0,0,0,0,0
123666,23777275,124675,53,0.0477,17c,23777275,0.0477,0.6813,100,100,0,0,0,0,0,100,0,0,0,0,0,0,0,0,0,0,0,0,0,0,0,0,0,100,0,0,0,0,0,0,0,0,0,0,0,0,0
123665,23777279,124674,249,0.2241,17c,23777279,0.2241,0.6336,100,100,0,0,0,0,0,100,0,0,0,0,0,0,0,0,0,0,0,0,0,0,0,0,0,100,0,0,0,0,0,0,0,0,0,0,0,0,0
123640,23777283,124649,390,0.351,17c,23777283,0.351,0.351,100,100,0,0,0,0,100,0,0,0,0,0,0,0,0,0,0,0,0,0,0,0,0,0,100,0,0,0,0,0,0,0,0,0,0,0,0,0,0
123660,23777319,124669,314,0.2826,17c,23777319,0.2826,7.9812,100,100,0,0,0,0,0,100,0,0,0,0,0,0,0,0,0,0,0,0,0,0,0,0,0,100,0,0,0,0,0,0,0,0,0,0,0,0,0
123656,23777327,124665,1114,1.0026,17c,23777327,1.0026,1.188,100,100,0,0,0,0,0,100,0,0,0,0,0,0,0,0,0,0,0,0,0,0,0,0,0,100,0,0,0,0,0,0,0,0,0,0,0,0,0
123658,23777331,124667,206,0.1854,17c,23777331,0.1854,0.1854,100,100,0,0,0,0,0,100,0,0,0,0,0,0,0,0,0,0,0,0,0,0,0,0,0,100,0,0,0,0,0,0,0,0,0,0,0,0,0
123734,23777337,124743,13862,12.4758,17c,23777337,12.4758,12.4758,100,100,0,0,0,0,0,65.43067378,0,0,0,34.56932622,0,0,0,0,0,0,0,0,0,0,0,0,0,65.43067378,0,0,0,34.56932622,0,0,0,0,0,0,0,0,0
123733,23777343,124742,1532,1.3788,17c,23777343,1.3788,1.3788,100,100,0,0,0,0,0,2.154046997,0,0,0,97.845953,0,0,0,0,0,0,0,0,0,0,0,0,0,2.154046997,0,0,0,97.845953,0,0,0,0,0,0,0,0,0
123758,23777355,124767,367,0.3303,17c,23777355,0.3303,0.3303,100,100,0,0,0,0,0,100,0,0,0,0,0,0,0,0,0,0,0,0,0,0,0,0,0,100,0,0,0,0,0,0,0,0,0,0,0,0,0
123731,23777371,124740,284,0.2556,17c,23777371,0.2556,0.2556,100,100,0,0,0,0,0,100,0,0,0,0,0,0,0,0,0,0,0,0,0,0,0,0,0,100,0,0,0,0,0,0,0,0,0,0,0,0,0
123730,23777377,124739,652,0.5868,17c,23777377,0.5868,0.5868,100,100,0,0,0,0,0,100,0,0,0,0,0,0,0,0,0,0,0,0,0,0,0,0,0,100,0,0,0,0,0,0,0,0,0,0,0,0,0
123465,23777405,124474,76,0.0684,17c,23777405,0.0684,0.0684,100,100,0,0,0,0,0,100,0,0,0,0,0,0,0,0,0,0,0,0,0,0,0,0,0,100,0,0,0,0,0,0,0,0,0,0,0,0,0
123470,23777427,124479,452,0.4068,17c,23777427,0.4068,0.4068,100,100,0,0,0,0,0,100,0,0,0,0,0,0,0,0,0,0,0,0,0,0,0,0,0,100,0,0,0,0,0,0,0,0,0,0,0,0,0
123729,23777479,124738,423,0.3807,17c,23777479,0.3807,0.3807,100,100,0,0,0,0,0,100,0,0,0,0,0,0,0,0,0,0,0,0,0,0,0,0,0,100,0,0,0,0,0,0,0,0,0,0,0,0,0
123728,23777485,124737,249,0.2241,17c,23777485,0.2241,0.2241,100,100,0,0,0,0,0,100,0,0,0,0,0,0,0,0,0,0,0,0,0,0,0,0,0,100,0,0,0,0,0,0,0,0,0,0,0,0,0
123727,23777497,124736,82,0.0738,17c,23777497,0.0738,0.0738,100,100,0,0,0,0,0,100,0,0,0,0,0,0,0,0,0,0,0,0,0,0,0,0,0,100,0,0,0,0,0,0,0,0,0,0,0,0,0
123466,23777539,124475,996,0.8964,17c,23777539,0.8964,0.8964,100,100,0,0,0,0,0,100,0,0,0,0,0,0,0,0,0,0,0,0,0,0,0,0,0,100,0,0,0,0,0,0,0,0,0,0,0,0,0
123726,23777571,124735,1040,0.936,17c,23777571,0.936,0.936,100,100,0,0,0,0,0,100,0,0,0,0,0,0,0,0,0,0,0,0,0,0,0,0,0,100,0,0,0,0,0,0,0,0,0,0,0,0,0
123725,23777579,124734,80,0.072,17c,23777579,0.072,0.072,100,100,0,0,0,0,0,100,0,0,0,0,0,0,0,0,0,0,0,0,0,0,0,0,0,100,0,0,0,0,0,0,0,0,0,0,0,0,0
123735,23777587,124744,131,0.1179,17c,23777587,0.1179,0.1179,100,100,0,0,0,0,0,100,0,0,0,0,0,0,0,0,0,0,0,0,0,0,0,0,0,100,0,0,0,0,0,0,0,0,0,0,0,0,0
123736,23777601,124745,98,0.0882,17c,23777601,0.0882,0.9765,100,100,0,0,0,0,0,100,0,0,0,0,0,0,0,0,0,0,0,0,0,0,0,0,0,100,0,0,0,0,0,0,0,0,0,0,0,0,0
123737,23777605,124746,144,0.1296,17c,23777605,0.1296,0.1296,100,100,0,0,0,0,0,100,0,0,0,0,0,0,0,0,0,0,0,0,0,0,0,0,0,100,0,0,0,0,0,0,0,0,0,0,0,0,0
123738,23777609,124747,843,0.7587,17c,23777609,0.7587,0.7587,100,100,0,0,0,0,0,100,0,0,0,0,0,0,0,0,0,0,0,0,0,0,0,0,0,100,0,0,0,0,0,0,0,0,0,0,0,0,0
123740,23777629,124749,416,0.3744,17c,23777629,0.3744,0.3744,100,100,0,0,0,0,0,35.57692308,0,0,0,64.42307692,0,0,0,0,0,0,0,0,0,0,0,0,0,35.57692308,0,0,0,64.42307692,0,0,0,0,0,0,0,0,0
123741,23777633,124750,132,0.1188,17c,23777633,0.1188,0.1188,100,100,0,0,0,0,0,100,0,0,0,0,0,0,0,0,0,0,0,0,0,0,0,0,0,100,0,0,0,0,0,0,0,0,0,0,0,0,0
123742,23777639,124751,113,0.1017,17c,23777639,0.1017,0.2205,100,100,0,0,0,0,0,100,0,0,0,0,0,0,0,0,0,0,0,0,0,0,0,0,0,100,0,0,0,0,0,0,0,0,0,0,0,0,0
123743,23777647,124752,367,0.3303,17c,23777647,0.3303,0.3303,100,100,0,0,0,0,0,44.14168937,0,0,0,55.85831063,0,0,0,0,0,0,0,0,0,0,0,0,0,44.14168937,0,0,0,55.85831063,0,0,0,0,0,0,0,0,0
123744,23777651,124753,205,0.1845,17c,23777651,0.1845,0.1845,100,100,0,0,0,0,0,100,0,0,0,0,0,0,0,0,0,0,0,0,0,0,0,0,0,100,0,0,0,0,0,0,0,0,0,0,0,0,0
123468,23777663,124477,164,0.1476,17c,23777663,0.1476,0.1476,100,100,0,0,0,0,0,100,0,0,0,0,0,0,0,0,0,0,0,0,0,0,0,0,0,100,0,0,0,0,0,0,0,0,0,0,0,0,0
123745,23777683,124754,592,0.5328,17c,23777683,0.5328,0.5328,100,100,0,0,0,0,0,0,0,0,0,100,0,0,0,0,0,0,0,0,0,0,0,0,0,0,0,0,0,100,0,0,0,0,0,0,0,0,0
123753,23777707,124762,315,0.2835,17c,23777707,0.2835,2.1672,100,100,0,0,0,0,0,100,0,0,0,0,0,0,0,0,0,0,0,0,0,0,0,0,0,94.8089701,0,0,0,5.1910299,0,0,0,0,0,0,0,0,0
123748,23777723,124757,81,0.0729,17c,23777723,0.0729,0.0729,100,100,0,0,0,0,0,2.469135802,0,0,0,97.5308642,0,0,0,0,0,0,0,0,0,0,0,0,0,2.469135802,0,0,0,97.5308642,0,0,0,0,0,0,0,0,0
123675,23783573,124684,483,0.4347,17c,23783573,0.4347,0.4347,100,100,0,0,0,0,0,99.58592133,0,0,0,0.414078675,0,0,0,0,0,0,0,0,0,0,0,0,0,99.58592133,0,0,0,0.414078675,0,0,0,0,0,0,0,0,0
123650,23783611,124659,188,0.1692,17c,23783611,0.1692,0.1692,100,100,0,0,100,0,0,0,0,0,0,0,0,0,0,0,0,0,0,0,0,0,100,0,0,0,0,0,0,0,0,0,0,0,0,0,0,0,0
123677,23783649,124686,565,0.5085,17c,23783649,0.5085,0.5085,100,100,0,0,0,0,0,100,0,0,0,0,0,0,0,0,0,0,0,0,0,0,0,0,0,100,0,0,0,0,0,0,0,0,0,0,0,0,0
123669,23783701,124678,992,0.8928,17c,23783701,0.8928,0.8928,100,100,0,0,0,0,0,100,0,0,0,0,0,0,0,0,0,0,0,0,0,0,0,0,0,100,0,0,0,0,0,0,0,0,0,0,0,0,0
123672,23783705,124681,95,0.0855,17c,23783705,0.0855,0.0855,100,100,0,0,0,0,0,100,0,0,0,0,0,0,0,0,0,0,0,0,0,0,0,0,0,100,0,0,0,0,0,0,0,0,0,0,0,0,0
123654,23783721,124663,62,0.0558,17c,23783721,0.0558,0.0558,100,100,0,0,0,0,0,100,0,0,0,0,0,0,0,0,0,0,0,0,0,0,0,0,0,100,0,0,0,0,0,0,0,0,0,0,0,0,0
123659,23783729,124668,178,0.1602,17c,23783729,0.1602,0.2853,100,100,0,0,0,0,0,100,0,0,0,0,0,0,0,0,0,0,0,0,0,0,0,0,0,100,0,0,0,0,0,0,0,0,0,0,0,0,0
123657,23783733,124666,139,0.1251,17c,23783733,0.1251,0.1251,100,100,0,0,0,0,0,100,0,0,0,0,0,0,0,0,0,0,0,0,0,0,0,0,0,100,0,0,0,0,0,0,0,0,0,0,0,0,0
123663,23783741,124672,221,0.1989,17c,23783741,0.1989,0.1989,100,100,0,0,0,0,0,100,0,0,0,0,0,0,0,0,0,0,0,0,0,0,0,0,0,100,0,0,0,0,0,0,0,0,0,0,0,0,0
123661,23783757,124670,917,0.8253,17c,23783757,0.8253,0.8253,100,100,0,0,0,0,0,100,0,0,0,0,0,0,0,0,0,0,0,0,0,0,0,0,0,100,0,0,0,0,0,0,0,0,0,0,0,0,0
123652,23783761,124661,125,0.1125,17c,23783761,0.1125,0.1125,100,100,0,0,0,0,0,0,0,0,0,100,0,0,0,0,0,0,0,0,0,0,0,0,0,0,0,0,0,100,0,0,0,0,0,0,0,0,0
123653,23783765,124662,395,0.3555,17c,23783765,0.3555,0.3555,100,100,0,0,0,0,0,100,0,0,0,0,0,0,0,0,0,0,0,0,0,0,0,0,0,100,0,0,0,0,0,0,0,0,0,0,0,0,0
123644,23788947,124653,888,0.7992,17c,23788947,0.7992,0.7992,100,100,0,0,0,0,1.013513514,0,98.98648649,0,0,0,0,0,0,0,0,0,0,0,0,0,0,0,1.013513514,0,98.98648649,0,0,0,0,0,0,0,0,0,0,0,0
123642,23788957,124651,388,0.3492,17c,23788957,0.3492,0.3492,100,100,0,0,0,0,0,0,100,0,0,0,0,0,0,0,0,0,0,0,0,0,0,0,0,0,100,0,0,0,0,0,0,0,0,0,0,0,0
123893,23788997,124902,1383,1.2447,17c,23788997,1.2447,1.7127,100,100,0,0,0,0,100,0,0,0,0,0,0,0,0,0,0,0,0,0,0,0,0,0,100,0,0,0,0,0,0,0,0,0,0,0,0,0,0
123910,23789001,124919,520,0.468,17c,23789001,0.468,0.468,100,100,0,0,0,0,100,0,0,0,0,0,0,0,0,0,0,0,0,0,0,0,0,0,100,0,0,0,0,0,0,0,0,0,0,0,0,0,0
123649,23812582,124658,1813,1.6317,17c,23812582,1.6317,1.6317,100,100,0,0,0,0,100,0,0,0,0,0,0,0,0,0,0,0,0,0,0,0,0,0,100,0,0,0,0,0,0,0,0,0,0,0,0,0,0
123641,23812604,124650,362,0.3258,17c,23812604,0.3258,0.3258,100,100,0,0,0,0,100,0,0,0,0,0,0,0,0,0,0,0,0,0,0,0,0,0,100,0,0,0,0,0,0,0,0,0,0,0,0,0,0
123670,23812622,124679,3993,3.5937,17c,23812622,3.5937,3.5937,100,100,0,0,0,0,0,91.8357125,0,0,0,8.164287503,0,0,0,0,0,0,0,0,0,0,0,0,0,91.8357125,0,0,0,8.164287503,0,0,0,0,0,0,0,0,0
123655,23812626,124664,317,0.2853,17c,23812626,0.2853,0.2853,100,100,0,0,0,0,100,0,0,0,0,0,0,0,0,0,0,0,0,0,0,0,0,0,100,0,0,0,0,0,0,0,0,0,0,0,0,0,0
123651,23812630,124660,934,0.8406,17c,23812630,0.8406,0.8406,100,100,0,0,0,0,100,0,0,0,0,0,0,0,0,0,0,0,0,0,0,0,0,0,100,0,0,0,0,0,0,0,0,0,0,0,0,0,0
123667,23812650,124676,340,0.306,17c,23812650,0.306,0.306,100,100,0,0,0,0,0,100,0,0,0,0,0,0,0,0,0,0,0,0,0,0,0,0,0,100,0,0,0,0,0,0,0,0,0,0,0,0,0
123646,23812654,124655,101,0.0909,17c,23812654,0.0909,0.0909,100,100,0,0,0,0,0,0,100,0,0,0,0,0,0,0,0,0,0,0,0,0,0,0,0,0,100,0,0,0,0,0,0,0,0,0,0,0,0
123648,23812668,124657,170,0.153,17c,23812668,0.153,0.153,100,100,0,0,0,0,0,0,100,0,0,0,0,0,0,0,0,0,0,0,0,0,0,0,0,0,100,0,0,0,0,0,0,0,0,0,0,0,0
123647,23812680,124656,153,0.1377,17c,23812680,0.1377,0.1377,100,100,0,0,0,0,0,0,100,0,0,0,0,0,0,0,0,0,0,0,0,0,0,0,0,0,100,0,0,0,0,0,0,0,0,0,0,0,0
123645,23812708,124654,391,0.3519,17c,23812708,0.3519,0.486,100,100,0,0,0,0,100,0,0,0,0,0,0,0,0,0,0,0,0,0,0,0,0,0,100,0,0,0,0,0,0,0,0,0,0,0,0,0,0
123643,23812712,124652,149,0.1341,17c,23812712,0.1341,0.1341,100,100,0,0,0,0,100,0,0,0,0,0,0,0,0,0,0,0,0,0,0,0,0,0,100,0,0,0,0,0,0,0,0,0,0,0,0,0,0
123638,23812724,124647,1374,1.2366,17c,23812724,1.2366,2.7684,100,100,0,0,0,0,100,0,0,0,0,0,0,0,0,0,0,0,0,0,0,0,0,0,100,0,0,0,0,0,0,0,0,0,0,0,0,0,0
123679,23812756,124688,1057,0.9513,17c,23812756,0.9513,0.9513,100,100,0,0,0,0,0,100,0,0,0,0,0,0,0,0,0,0,0,0,0,0,0,0,0,100,0,0,0,0,0,0,0,0,0,0,0,0,0
123639,23812760,124648,200,0.18,17c,23812760,0.18,0.18,100,100,0,0,28,0,72,0,0,0,0,0,0,0,0,0,0,0,0,0,0,0,28,0,72,0,0,0,0,0,0,0,0,0,0,0,0,0,0
119751,23985603,120758,234,0.2106,17b,23985603,0.2106,0.2106,100,100,0,0,0,0,100,0,0,0,0,0,0,0,0,0,0,0,0,0,0,0,0,0,100,0,0,0,0,0,0,0,0,0,0,0,0,0,0
123635,24245619,124644,613,0.5517,17c,24245619,0.5517,0.5517,100,100,0,0,0,0,100,0,0,0,0,0,0,0,0,0,0,0,0,0,0,0,0,0,100,0,0,0,0,0,0,0,0,0,0,0,0,0,0
123634,24245623,124643,670,0.603,17c,24245623,0.603,0.603,100,100,0,0,0,0,100,0,0,0,0,0,0,0,0,0,0,0,0,0,0,0,0,0,100,0,0,0,0,0,0,0,0,0,0,0,0,0,0
123206,24245627,124214,780,0.702,17c,24245627,0.702,0.702,100,100,0,0,0,0,100,0,0,0,0,0,0,0,0,0,0,0,0,0,0,0,0,0,100,0,0,0,0,0,0,0,0,0,0,0,0,0,0
123218,24245647,124226,466,0.4194,17c,24245647,0.4194,0.4194,100,100,0,0,0,0,0,100,0,0,0,0,0,0,0,0,0,0,0,0,0,0,0,0,0,100,0,0,0,0,0,0,0,0,0,0,0,0,0
123212,24245679,124220,146,0.1314,17c,24245679,0.1314,0.1314,100,100,0,0,0,0,100,0,0,0,0,0,0,0,0,0,0,0,0,0,0,0,0,0,100,0,0,0,0,0,0,0,0,0,0,0,0,0,0
123624,24245691,124633,1115,1.0035,17c,24245691,1.0035,1.0035,100,100,0,0,0,0,0,100,0,0,0,0,0,0,0,0,0,0,0,0,0,0,0,0,0,100,0,0,0,0,0,0,0,0,0,0,0,0,0
123609,24245723,124618,194,0.1746,17c,24245723,0.1746,0.1746,100,100,0,0,0,0,0,100,0,0,0,0,0,0,0,0,0,0,0,0,0,0,0,0,0,100,0,0,0,0,0,0,0,0,0,0,0,0,0
123610,24245731,124619,1436,1.2924,17c,24245731,1.2924,1.2924,100,100,0,0,0,0,0,100,0,0,0,0,0,0,0,0,0,0,0,0,0,0,0,0,0,100,0,0,0,0,0,0,0,0,0,0,0,0,0
123611,24245735,124620,293,0.2637,17c,24245735,0.2637,0.4941,100,100,0,0,0,0,0,100,0,0,0,0,0,0,0,0,0,0,0,0,0,0,0,0,0,100,0,0,0,0,0,0,0,0,0,0,0,0,0
123623,24245739,124632,256,0.2304,17c,24245739,0.2304,0.2304,100,100,0,0,0,0,0,100,0,0,0,0,0,0,0,0,0,0,0,0,0,0,0,0,0,100,0,0,0,0,0,0,0,0,0,0,0,0,0
123612,24245747,124621,315,0.2835,17c,24245747,0.2835,0.7776,100,100,0,0,0,0,0,100,0,0,0,0,0,0,0,0,0,0,0,0,0,0,0,0,0,100,0,0,0,0,0,0,0,0,0,0,0,0,0
123613,24245751,124622,371,0.3339,17c,24245751,0.3339,0.3339,100,100,0,0,0,0,0,100,0,0,0,0,0,0,0,0,0,0,0,0,0,0,0,0,0,100,0,0,0,0,0,0,0,0,0,0,0,0,0
123620,24245755,124629,78,0.0702,17c,24245755,0.0702,0.0702,100,100,0,0,0,0,0,100,0,0,0,0,0,0,0,0,0,0,0,0,0,0,0,0,0,100,0,0,0,0,0,0,0,0,0,0,0,0,0
123614,24245763,124623,221,0.1989,17c,24245763,0.1989,0.1989,100,100,0,0,0,0,0,100,0,0,0,0,0,0,0,0,0,0,0,0,0,0,0,0,0,100,0,0,0,0,0,0,0,0,0,0,0,0,0
123615,24245767,124624,1813,1.6317,17c,24245767,1.6317,1.6317,100,100,0,0,0,0,0,100,0,0,0,0,0,0,0,0,0,0,0,0,0,0,0,0,0,100,0,0,0,0,0,0,0,0,0,0,0,0,0
123616,24245771,124625,194,0.1746,17c,24245771,0.1746,0.1746,100,100,0,0,0,0,0,100,0,0,0,0,0,0,0,0,0,0,0,0,0,0,0,0,0,100,0,0,0,0,0,0,0,0,0,0,0,0,0
123625,24245775,124634,342,0.3078,17c,24245775,0.3078,0.3078,100,100,0,0,0,0,0,100,0,0,0,0,0,0,0,0,0,0,0,0,0,0,0,0,0,100,0,0,0,0,0,0,0,0,0,0,0,0,0
123617,24245779,124626,723,0.6507,17c,24245779,0.6507,0.6507,100,100,0,0,0,0,0,100,0,0,0,0,0,0,0,0,0,0,0,0,0,0,0,0,0,100,0,0,0,0,0,0,0,0,0,0,0,0,0
123618,24245911,124627,326,0.2934,17c,24245911,0.2934,0.2934,100,100,0,0,0,0,100,0,0,0,0,0,0,0,0,0,0,0,0,0,0,0,0,0,100,0,0,0,0,0,0,0,0,0,0,0,0,0,0
123631,24252372,124640,568,0.5112,17c,24252372,0.5112,0.5112,100,100,0,0,0,0,100,0,0,0,0,0,0,0,0,0,0,0,0,0,0,0,0,0,100,0,0,0,0,0,0,0,0,0,0,0,0,0,0
123632,24252400,124641,1125,1.0125,17c,24252400,1.0125,1.0125,100,100,0,0,0,0,100,0,0,0,0,0,0,0,0,0,0,0,0,0,0,0,0,0,100,0,0,0,0,0,0,0,0,0,0,0,0,0,0
123633,24252420,124642,1190,1.071,17c,24252420,1.071,1.071,100,100,0,0,0,0,100,0,0,0,0,0,0,0,0,0,0,0,0,0,0,0,0,0,100,0,0,0,0,0,0,0,0,0,0,0,0,0,0
123636,24252424,124645,213,0.1917,17c,24252424,0.1917,0.1917,100,100,0,0,0,0,100,0,0,0,0,0,0,0,0,0,0,0,0,0,0,0,0,0,100,0,0,0,0,0,0,0,0,0,0,0,0,0,0
119752,24284268,120759,842,0.7578,17b,24284268,0.7578,0.7578,100,100,0,0,0,0,100,0,0,0,0,0,0,0,0,0,0,0,0,0,0,0,0,0,100,0,0,0,0,0,0,0,0,0,0,0,0,0,0
119753,24284272,120760,662,0.5958,17b,24284272,0.5958,0.5958,100,100,0,0,0,0,100,0,0,0,0,0,0,0,0,0,0,0,0,0,0,0,0,0,100,0,0,0,0,0,0,0,0,0,0,0,0,0,0
119761,24284280,120768,2201,1.9809,17b,24284280,1.9809,1.9809,100,100,0,0,0,0,100,0,0,0,0,0,0,0,0,0,0,0,0,0,0,0,0,0,100,0,0,0,0,0,0,0,0,0,0,0,0,0,0
122158,24284288,123166,733,0.6597,17b,24284288,0.6597,0.6597,100,100,0,0,0,0,100,0,0,0,0,0,0,0,0,0,0,0,0,0,0,0,0,0,100,0,0,0,0,0,0,0,0,0,0,0,0,0,0
123592,24511168,124601,240,0.216,17c,24511168,0.216,0.216,100,100,0,0,0,0,100,0,0,0,0,0,0,0,0,0,0,0,0,0,0,0,0,0,100,0,0,0,0,0,0,0,0,0,0,0,0,0,0
123591,24511172,124600,1128,1.0152,17c,24511172,1.0152,1.0152,100,100,0,0,0,0,100,0,0,0,0,0,0,0,0,0,0,0,0,0,0,0,0,0,100,0,0,0,0,0,0,0,0,0,0,0,0,0,0
123581,24511176,124590,4938,4.4442,17c,24511176,4.4442,4.4442,100,100,0,0,0,0,37.05953827,62.94046173,0,0,0,0,0,0,0,0,0,0,0,0,0,0,0,0,37.05953827,62.94046173,0,0,0,0,0,0,0,0,0,0,0,0,0
123587,24511192,124596,154,0.1386,17c,24511192,0.1386,0.5751,100,100,0,0,0,0,0,100,0,0,0,0,0,0,0,0,0,0,0,0,0,0,0,0,0,100,0,0,0,0,0,0,0,0,0,0,0,0,0
123588,24511196,124597,485,0.4365,17c,24511196,0.4365,0.4365,100,100,0,0,0,0,0,100,0,0,0,0,0,0,0,0,0,0,0,0,0,0,0,0,0,100,0,0,0,0,0,0,0,0,0,0,0,0,0
123586,24511200,124595,542,0.4878,17c,24511200,0.4878,0.4878,100,100,0,0,0,0,0,100,0,0,0,0,0,0,0,0,0,0,0,0,0,0,0,0,0,100,0,0,0,0,0,0,0,0,0,0,0,0,0
123577,24511204,124586,142,0.1278,17c,24511204,0.1278,0.1278,100,100,0,0,0,0,0,100,0,0,0,0,0,0,0,0,0,0,0,0,0,0,0,0,0,100,0,0,0,0,0,0,0,0,0,0,0,0,0
123576,24511208,124585,547,0.4923,17c,24511208,0.4923,0.4923,100,100,0,0,0,0,0,100,0,0,0,0,0,0,0,0,0,0,0,0,0,0,0,0,0,100,0,0,0,0,0,0,0,0,0,0,0,0,0
123590,24511212,124599,235,0.2115,17c,24511212,0.2115,0.2115,100,100,0,0,0,0,0,100,0,0,0,0,0,0,0,0,0,0,0,0,0,0,0,0,0,100,0,0,0,0,0,0,0,0,0,0,0,0,0
123584,24511218,124593,457,0.4113,17c,24511218,0.4113,0.4113,100,100,0,0,0,0,0,100,0,0,0,0,0,0,0,0,0,0,0,0,0,0,0,0,0,100,0,0,0,0,0,0,0,0,0,0,0,0,0
123572,24511230,124581,1409,1.2681,17c,24511230,1.2681,1.2681,100,100,0,0,0,0,22.35628105,77.64371895,0,0,0,0,0,0,0,0,0,0,0,0,0,0,0,0,22.35628105,77.64371895,0,0,0,0,0,0,0,0,0,0,0,0,0
123573,24511234,124582,8314,7.4826,17c,24511234,7.4826,7.4826,100,100,0,0,0,0,0.060139524,99.93986048,0,0,0,0,0,0,0,0,0,0,0,0,0,0,0,0,0.060139524,99.93986048,0,0,0,0,0,0,0,0,0,0,0,0,0
123575,24511238,124584,741,0.6669,17c,24511238,0.6669,0.6669,100,100,0,0,0,0,0,100,0,0,0,0,0,0,0,0,0,0,0,0,0,0,0,0,0,100,0,0,0,0,0,0,0,0,0,0,0,0,0
123585,24511242,124594,198,0.1782,17c,24511242,0.1782,0.1782,100,100,0,0,0,0,0,100,0,0,0,0,0,0,0,0,0,0,0,0,0,0,0,0,0,100,0,0,0,0,0,0,0,0,0,0,0,0,0
123578,24511246,124587,813,0.7317,17c,24511246,0.7317,0.7317,100,100,0,0,0,0,0,100,0,0,0,0,0,0,0,0,0,0,0,0,0,0,0,0,0,100,0,0,0,0,0,0,0,0,0,0,0,0,0
123582,24511250,124591,86,0.0774,17c,24511250,0.0774,0.8091,100,100,0,0,0,0,0,100,0,0,0,0,0,0,0,0,0,0,0,0,0,0,0,0,0,100,0,0,0,0,0,0,0,0,0,0,0,0,0
123579,24511254,124588,170,0.153,17c,24511254,0.153,0.153,100,100,0,0,0,0,0,100,0,0,0,0,0,0,0,0,0,0,0,0,0,0,0,0,0,100,0,0,0,0,0,0,0,0,0,0,0,0,0
123583,24511258,124592,123,0.1107,17c,24511258,0.1107,0.2637,100,100,0,0,0,0,0,100,0,0,0,0,0,0,0,0,0,0,0,0,0,0,0,0,0,100,0,0,0,0,0,0,0,0,0,0,0,0,0
123580,24511262,124589,37,0.0333,17c,24511262,0.0333,0.0333,100,100,0,0,0,0,0,100,0,0,0,0,0,0,0,0,0,0,0,0,0,0,0,0,0,100,0,0,0,0,0,0,0,0,0,0,0,0,0
123574,24511284,124583,3102,2.7918,17c,24511284,2.7918,2.7918,100,100,0,0,0,0,63.6686009,36.3313991,0,0,0,0,0,0,0,0,0,0,0,0,0,0,0,0,63.6686009,36.3313991,0,0,0,0,0,0,0,0,0,0,0,0,0
123565,24511288,124574,447,0.4023,17c,24511288,0.4023,0.4023,100,100,0,0,0,0,100,0,0,0,0,0,0,0,0,0,0,0,0,0,0,0,0,0,100,0,0,0,0,0,0,0,0,0,0,0,0,0,0
123870,24524340,124879,2341,2.1069,17c,24524340,2.1069,2.1069,100,100,0,0,0,0,74.28449381,25.71550619,0,0,0,0,0,0,0,0,0,0,0,0,0,0,0,0,74.28449381,25.71550619,0,0,0,0,0,0,0,0,0,0,0,0,0
